{"src_pts_norm": [[0.053144375553587246, 0.005045408678102927], [0.9486271036315324, 0.004036326942482341], [0.9991142604074402, 0.9858728557013118], [0.00354295837023915, 0.987891019172553]], "out_w": 900, "out_h": 700}